{
  "status": "success",
  "model": {
    "name": "MarketingPerformance"
  },
  "mode": "deterministic",
  "seed": 42,
  "timesteps": 24,
  "variables": {
    "total_marketing_spend": [
      100.0,
      110.00000000000001,
      121.00000000000001,
      133.10000000000005,
      146.41000000000005,
      161.05100000000004,
      177.1561000000001,
      194.87171000000012,
      214.35888100000017,
      235.7947691000002,
      259.3742460100002,
      285.31167061100024,
      313.8428376721003,
      345.2271214393104,
      379.7498335832414,
      417.7248169415656,
      459.4972986357222,
      505.4470284992945,
      555.991731349224,
      611.5909044841464,
      672.7499949325611,
      740.0249944258172,
      814.0274938683991,
      895.430243255239
    ],
    "total_new_customers": [
      100.0,
      110.00000000000001,
      121.00000000000001,
      133.10000000000005,
      146.41000000000005,
      161.05100000000004,
      177.1561000000001,
      194.87171000000012,
      214.35888100000017,
      235.7947691000002,
      259.3742460100002,
      285.31167061100024,
      313.8428376721003,
      345.2271214393104,
      379.7498335832414,
      417.7248169415656,
      459.4972986357222,
      505.4470284992945,
      555.991731349224,
      611.5909044841464,
      672.7499949325611,
      740.0249944258172,
      814.0274938683991,
      895.430243255239
    ],
    "blended_cac": [
      100.0,
      110.00000000000001,
      121.00000000000001,
      133.10000000000005,
      146.41000000000005,
      161.05100000000004,
      177.1561000000001,
      194.87171000000012,
      214.35888100000017,
      235.7947691000002,
      259.3742460100002,
      285.31167061100024,
      313.8428376721003,
      345.2271214393104,
      379.7498335832414,
      417.7248169415656,
      459.4972986357222,
      505.4470284992945,
      555.991731349224,
      611.5909044841464,
      672.7499949325611,
      740.0249944258172,
      814.0274938683991,
      895.430243255239
    ],
    "cac_paid_ads": [
      100.0,
      110.00000000000001,
      121.00000000000001,
      133.10000000000005,
      146.41000000000005,
      161.05100000000004,
      177.1561000000001,
      194.87171000000012,
      214.35888100000017,
      235.7947691000002,
      259.3742460100002,
      285.31167061100024,
      313.8428376721003,
      345.2271214393104,
      379.7498335832414,
      417.7248169415656,
      459.4972986357222,
      505.4470284992945,
      555.991731349224,
      611.5909044841464,
      672.7499949325611,
      740.0249944258172,
      814.0274938683991,
      895.430243255239
    ],
    "cac_content": [
      100.0,
      110.00000000000001,
      121.00000000000001,
      133.10000000000005,
      146.41000000000005,
      161.05100000000004,
      177.1561000000001,
      194.87171000000012,
      214.35888100000017,
      235.7947691000002,
      259.3742460100002,
      285.31167061100024,
      313.8428376721003,
      345.2271214393104,
      379.7498335832414,
      417.7248169415656,
      459.4972986357222,
      505.4470284992945,
      555.991731349224,
      611.5909044841464,
      672.7499949325611,
      740.0249944258172,
      814.0274938683991,
      895.430243255239
    ],
    "cac_events": [
      100.0,
      110.00000000000001,
      121.00000000000001,
      133.10000000000005,
      146.41000000000005,
      161.05100000000004,
      177.1561000000001,
      194.87171000000012,
      214.35888100000017,
      235.7947691000002,
      259.3742460100002,
      285.31167061100024,
      313.8428376721003,
      345.2271214393104,
      379.7498335832414,
      417.7248169415656,
      459.4972986357222,
      505.4470284992945,
      555.991731349224,
      611.5909044841464,
      672.7499949325611,
      740.0249944258172,
      814.0274938683991,
      895.430243255239
    ],
    "average_customer_lifetime_months": [
      100.0,
      110.00000000000001,
      121.00000000000001,
      133.10000000000005,
      146.41000000000005,
      161.05100000000004,
      177.1561000000001,
      194.87171000000012,
      214.35888100000017,
      235.7947691000002,
      259.3742460100002,
      285.31167061100024,
      313.8428376721003,
      345.2271214393104,
      379.7498335832414,
      417.7248169415656,
      459.4972986357222,
      505.4470284992945,
      555.991731349224,
      611.5909044841464,
      672.7499949325611,
      740.0249944258172,
      814.0274938683991,
      895.430243255239
    ],
    "customer_ltv": [
      100.0,
      110.00000000000001,
      121.00000000000001,
      133.10000000000005,
      146.41000000000005,
      161.05100000000004,
      177.1561000000001,
      194.87171000000012,
      214.35888100000017,
      235.7947691000002,
      259.3742460100002,
      285.31167061100024,
      313.8428376721003,
      345.2271214393104,
      379.7498335832414,
      417.7248169415656,
      459.4972986357222,
      505.4470284992945,
      555.991731349224,
      611.5909044841464,
      672.7499949325611,
      740.0249944258172,
      814.0274938683991,
      895.430243255239
    ],
    "ltv_to_cac_ratio": [
      100.0,
      110.00000000000001,
      121.00000000000001,
      133.10000000000005,
      146.41000000000005,
      161.05100000000004,
      177.1561000000001,
      194.87171000000012,
      214.35888100000017,
      235.7947691000002,
      259.3742460100002,
      285.31167061100024,
      313.8428376721003,
      345.2271214393104,
      379.7498335832414,
      417.7248169415656,
      459.4972986357222,
      505.4470284992945,
      555.991731349224,
      611.5909044841464,
      672.7499949325611,
      740.0249944258172,
      814.0274938683991,
      895.430243255239
    ],
    "cac_payback_months": [
      100.0,
      110.00000000000001,
      121.00000000000001,
      133.10000000000005,
      146.41000000000005,
      161.05100000000004,
      177.1561000000001,
      194.87171000000012,
      214.35888100000017,
      235.7947691000002,
      259.3742460100002,
      285.31167061100024,
      313.8428376721003,
      345.2271214393104,
      379.7498335832414,
      417.7248169415656,
      459.4972986357222,
      505.4470284992945,
      555.991731349224,
      611.5909044841464,
      672.7499949325611,
      740.0249944258172,
      814.0274938683991,
      895.430243255239
    ],
    "monthly_profit_per_customer": [
      100.0,
      110.00000000000001,
      121.00000000000001,
      133.10000000000005,
      146.41000000000005,
      161.05100000000004,
      177.1561000000001,
      194.87171000000012,
      214.35888100000017,
      235.7947691000002,
      259.3742460100002,
      285.31167061100024,
      313.8428376721003,
      345.2271214393104,
      379.7498335832414,
      417.7248169415656,
      459.4972986357222,
      505.4470284992945,
      555.991731349224,
      611.5909044841464,
      672.7499949325611,
      740.0249944258172,
      814.0274938683991,
      895.430243255239
    ],
    "ltv_to_cac_paid_ads": [
      100.0,
      110.00000000000001,
      121.00000000000001,
      133.10000000000005,
      146.41000000000005,
      161.05100000000004,
      177.1561000000001,
      194.87171000000012,
      214.35888100000017,
      235.7947691000002,
      259.3742460100002,
      285.31167061100024,
      313.8428376721003,
      345.2271214393104,
      379.7498335832414,
      417.7248169415656,
      459.4972986357222,
      505.4470284992945,
      555.991731349224,
      611.5909044841464,
      672.7499949325611,
      740.0249944258172,
      814.0274938683991,
      895.430243255239
    ],