{
  "status": "success",
  "model": {
    "name": "RiskScenarioPlanning"
  },
  "mode": "deterministic",
  "seed": 42,
  "timesteps": 18,
  "variables": {
    "selected_growth_rate": [
      100.0,
      110.00000000000001,
      121.00000000000001,
      133.10000000000005,
      146.41000000000005,
      161.05100000000004,
      177.1561000000001,
      194.87171000000012,
      214.35888100000017,
      235.7947691000002,
      259.3742460100002,
      285.31167061100024,
      313.8428376721003,
      345.2271214393104,
      379.7498335832414,
      417.7248169415656,
      459.4972986357222,
      505.4470284992945
    ],
    "selected_cost_multiplier": [
      100.0,
      110.00000000000001,
      121.00000000000001,
      133.10000000000005,
      146.41000000000005,
      161.05100000000004,
      177.1561000000001,
      194.87171000000012,
      214.35888100000017,
      235.7947691000002,
      259.3742460100002,
      285.31167061100024,
      313.8428376721003,
      345.2271214393104,
      379.7498335832414,
      417.7248169415656,
      459.4972986357222,
      505.4470284992945
    ],
    "revenue": [
      100.0,
      110.00000000000001,
      121.00000000000001,
      133.10000000000005,
      146.41000000000005,
      161.05100000000004,
      177.1561000000001,
      194.87171000000012,
      214.35888100000017,
      235.7947691000002,
      259.3742460100002,
      285.31167061100024,
      313.8428376721003,
      345.2271214393104,
      379.7498335832414,
      417.7248169415656,
      459.4972986357222,
      505.4470284992945
    ],
    "monthly_burn": [
      100.0,
      110.00000000000001,
      121.00000000000001,
      133.10000000000005,
      146.41000000000005,
      161.05100000000004,
      177.1561000000001,
      194.87171000000012,
      214.35888100000017,
      235.7947691000002,
      259.3742460100002,
      285.31167061100024,
      313.8428376721003,
      345.2271214393104,
      379.7498335832414,
      417.7248169415656,
      459.4972986357222,
      505.4470284992945
    ],
    "monthly_profit": [
      100.0,
      110.00000000000001,
      121.00000000000001,
      133.10000000000005,
      146.41000000000005,
      161.05100000000004,
      177.1561000000001,
      194.87171000000012,
      214.35888100000017,
      235.7947691000002,
      259.3742460100002,
      285.31167061100024,
      313.8428376721003,
      345.2271214393104,
      379.7498335832414,
      417.7248169415656,
      459.4972986357222,
      505.4470284992945
    ],
    "cash_balance": [
      100.0,
      110.00000000000001,
      121.00000000000001,
      133.10000000000005,
      146.41000000000005,
      161.05100000000004,
      177.1561000000001,
      194.87171000000012,
      214.35888100000017,
      235.7947691000002,
      259.3742460100002,
      285.31167061100024,
      313.8428376721003,
      345.2271214393104,
      379.7498335832414,
      417.7248169415656,
      459.4972986357222,
      505.4470284992945
    ],
    "runway_months": [
      100.0,
      110.00000000000001,
      121.00000000000001,
      133.10000000000005,
      146.41000000000005,
      161.05100000000004,
      177.1561000000001,
      194.87171000000012,
      214.35888100000017,
      235.7947691000002,
      259.3742460100002,
      285.31167061100024,
      313.8428376721003,
      345.2271214393104,
      379.7498335832414,
      417.7248169415656,
      459.4972986357222,
      505.4470284992945
    ],
    "total_revenue_12m": [
      100.0,
      110.00000000000001,
      121.00000000000001,
      133.10000000000005,
      146.41000000000005,
      161.05100000000004,
      177.1561000000001,
      194.87171000000012,
      214.35888100000017,
      235.7947691000002,
      259.3742460100002,
      285.31167061100024,
      313.8428376721003,
      345.2271214393104,
      379.7498335832414,
      417.7248169415656,
      459.4972986357222,
      505.4470284992945
    ],
    "avg_monthly_profit": [
      100.0,
      110.00000000000001,
      121.00000000000001,
      133.10000000000005,
      146.41000000000005,
      161.05100000000004,
      177.1561000000001,
      194.87171000000012,
      214.35888100000017,
      235.7947691000002,
      259.3742460100002,
      285.31167061100024,
      313.8428376721003,
      345.2271214393104,
      379.7498335832414,
      417.7248169415656,
      459.4972986357222,
      505.4470284992945
    ]
  },
  "constraint_violations": [
    {
      "timestep": 0,
      "constraint": "cash_positive",
      "severity": "error",
      "message": "Constraint violated"
    },
    {
      "timestep": 0,
      "constraint": "healthy_growth",
      "severity": "warning",
      "message": "Constraint violated"
    },
    {
      "timestep": 0,
      "constraint": "profitability_target",
      "severity": "warning",
      "message": "Constraint violated"
    },
    {
      "timestep": 0,
      "constraint": "runway_critical",
      "severity": "error",
      "message": "Constraint violated"
    },
    {
      "timestep": 0,
      "constraint": "runway_warning",
      "severity": "warning",
      "message": "Constraint violated"
    },
    {
      "timestep": 1,
      "constraint": "cash_positive",
      "severity": "error",
      "message": "Constraint violated"
    },
    {
      "timestep": 1,
      "constraint": "healthy_growth",
      "severity": "warning",
      "message": "Constraint violated"
    },
    {
      "timestep": 1,
      "constraint": "profitability_target",
      "severity": "warning",
      "message": "Constraint violated"
    },
    {
      "timestep": 1,
      "constraint": "runway_critical",
      "severity": "error",
      "message": "Constraint violated"
    },
    {
      "timestep": 1,
      "constraint": "runway_warning",
      "severity": "warning",
      "message": "Constraint violated"
    },
    {
      "timestep": 2,
      "constraint": "cash_positive",
      "severity": "error",
      "message": "Constraint violated"
    },
    {
      "timestep": 2,
      "constraint": "healthy_growth",
      "severity": "warning",
      "message": "Constraint violated"
    },
    {
      "timestep": 2,
      "constraint": "profitability_target",
      "severity": "warning",
      "message": "Constraint violated"
    },
    {
      "timestep": 2,
      "constraint": "runway_critical",
      "severity": "error",
      "message": "Constraint violated"
    },
    {
      "timestep": 2,
      "constraint": "runway_warning",
      "severity": "warning",
      "message": "Constraint violated"
    },
    {
      "timestep": 3,
      "constraint": "cash_positive",
      "severity": "error",
      "message": "Constraint violated"
    },
    {
      "timestep": 3,
      "constraint": "healthy_growth",
      "severity": "warning",
      "message": "Constraint violated"
    },
    {
      "timestep": 3,
      "constraint": "profitability_target",
      "severity": "warning",
      "message": "Constraint violated"
    },
    {
      "timestep": 3,
      "constraint": "runway_critical",
      "severity": "error",
      "message": "Constraint violated"
    },
    {
      "timestep": 3,
      "constraint": "runway_warning",
      "severity": "warning",
      "message": "Constraint violated"
    },
    {
      "timestep": 4,
      "constraint": "cash_positive",
      "severity": "error",
      "message": "Constraint violated"
    },
    {
      "timestep": 4,
      "constraint": "healthy_growth",
      "severity": "warning",
      "message": "Constraint violated"
    },
    {
      "timestep": 4,
      "constraint": "profitability_target",
      "severity": "warning",
      "message": "Constraint violated"
    },
    {
      "timestep": 4,
      "constraint": "runway_critical",
      "severity": "error",
      "message": "Constraint violated"
    },
    {
      "timestep": 4,
      "constraint": "runway_warning",
      "severity": "warning",