{
  "status": "success",
  "model": {
    "name": "EcommerceGroceryDelivery"
  },
  "mode": "deterministic",
  "seed": 42,
  "timesteps": 12,
  "variables": {
    "product_revenue": [
      100.0,
      110.00000000000001,
      121.00000000000001,
      133.10000000000005,
      146.41000000000005,
      161.05100000000004,
      177.1561000000001,
      194.87171000000012,
      214.35888100000017,
      235.7947691000002,
      259.3742460100002,
      285.31167061100024
    ],
    "delivery_fees_collected": [
      100.0,
      110.00000000000001,
      121.00000000000001,
      133.10000000000005,
      146.41000000000005,
      161.05100000000004,
      177.1561000000001,
      194.87171000000012,
      214.35888100000017,
      235.7947691000002,
      259.3742460100002,
      285.31167061100024
    ],
    "gross_revenue": [
      100.0,
      110.00000000000001,
      121.00000000000001,
      133.10000000000005,
      146.41000000000005,
      161.05100000000004,
      177.1561000000001,
      194.87171000000012,
      214.35888100000017,
      235.7947691000002,
      259.3742460100002,
      285.31167061100024
    ],
    "payment_processing": [
      100.0,
      110.00000000000001,
      121.00000000000001,
      133.10000000000005,
      146.41000000000005,
      161.05100000000004,
      177.1561000000001,
      194.87171000000012,
      214.35888100000017,
      235.7947691000002,
      259.3742460100002,
      285.31167061100024
    ],
    "net_revenue": [
      100.0,
      110.00000000000001,
      121.00000000000001,
      133.10000000000005,
      146.41000000000005,
      161.05100000000004,
      177.1561000000001,
      194.87171000000012,
      214.35888100000017,
      235.7947691000002,
      259.3742460100002,
      285.31167061100024
    ],
    "fresh_revenue": [
      100.0,
      110.00000000000001,
      121.00000000000001,
      133.10000000000005,
      146.41000000000005,
      161.05100000000004,
      177.1561000000001,
      194.87171000000012,
      214.35888100000017,
      235.7947691000002,
      259.3742460100002,
      285.31167061100024
    ],
    "packaged_revenue": [
      100.0,
      110.00000000000001,
      121.00000000000001,
      133.10000000000005,
      146.41000000000005,
      161.05100000000004,
      177.1561000000001,
      194.87171000000012,
      214.35888100000017,
      235.7947691000002,
      259.3742460100002,
      285.31167061100024
    ],
    "premium_revenue": [
      100.0,
      110.00000000000001,
      121.00000000000001,
      133.10000000000005,
      146.41000000000005,
      161.05100000000004,
      177.1561000000001,
      194.87171000000012,
      214.35888100000017,
      235.7947691000002,
      259.3742460100002,
      285.31167061100024
    ],
    "fresh_cogs": [
      100.0,
      110.00000000000001,
      121.00000000000001,
      133.10000000000005,
      146.41000000000005,
      161.05100000000004,
      177.1561000000001,
      194.87171000000012,
      214.35888100000017,
      235.7947691000002,
      259.3742460100002,
      285.31167061100024
    ],
    "packaged_cogs": [
      100.0,
      110.00000000000001,
      121.00000000000001,
      133.10000000000005,
      146.41000000000005,
      161.05100000000004,
      177.1561000000001,
      194.87171000000012,
      214.35888100000017,
      235.7947691000002,
      259.3742460100002,
      285.31167061100024
    ],
    "premium_cogs": [
      100.0,
      110.00000000000001,
      121.00000000000001,
      133.10000000000005,
      146.41000000000005,
      161.05100000000004,
      177.1561000000001,
      194.87171000000012,
      214.35888100000017,
      235.7947691000002,
      259.3742460100002,
      285.31167061100024
    ],
    "product_cogs": [
      100.0,
      110.00000000000001,
      121.00000000000001,
      133.10000000000005,
      146.41000000000005,
      161.05100000000004,
      177.1561000000001,
      194.87171000000012,
      214.35888100000017,
      235.7947691000002,
      259.3742460100002,
      285.31167061100024
    ],
    "fresh_spoilage_cost": [
      100.0,
      110.00000000000001,
      121.00000000000001,
      133.10000000000005,
      146.41000000000005,
      161.05100000000004,
      177.1561000000001,
      194.87171000000012,
      214.35888100000017,
      235.7947691000002,
      259.3742460100002,
      285.31167061100024
    ],
    "packaged_spoilage_cost": [
      100.0,
      110.00000000000001,
      121.00000000000001,
      133.10000000000005,
      146.41000000000005,
      161.05100000000004,
      177.1561000000001,
      194.87171000000012,
      214.35888100000017,
      235.7947691000002,
      259.3742460100002,
      285.31167061100024
    ],
    "total_spoilage": [
      100.0,
      110.00000000000001,
      121.00000000000001,
      133.10000000000005,
      146.41000000000005,
      161.05100000000004,
      177.1561000000001,
      194.87171000000012,
      214.35888100000017,
      235.7947691000002,
      259.3742460100002,
      285.31167061100024
    ],
    "total_cogs": [
      100.0,
      110.00000000000001,
      121.00000000000001,
      133.10000000000005,
      146.41000000000005,
      161.05100000000004,
      177.1561000000001,
      194.87171000000012,
      214.35888100000017,
      235.7947691000002,
      259.3742460100002,
      285.31167061100024
    ],
    "product_gross_margin": [
      100.0,
      110.00000000000001,
      121.00000000000001,
      133.10000000000005,
      146.41000000000005,
      161.05100000000004,
      177.1561000000001,
      194.87171000000012,
      214.35888100000017,
      235.7947691000002,
      259.3742460100002,
      285.31167061100024
    ],
    "picker_costs": [
      100.0,
      110.00000000000001,
      121.00000000000001,
      133.10000000000005,
      146.41000000000005,
      161.05100000000004,
      177.1561000000001,
      194.87171000000012,
      214.35888100000017,
      235.7947691000002,
      259.3742460100002,
      285.31167061100024
    ],
    "driver_costs": [
      100.0,
      110.00000000000001,
      121.00000000000001,
      133.10000000000005,
      146.41000000000005,
      161.05100000000004,
      177.1561000000001,
      194.87171000000012,
      214.35888100000017,
      235.7947691000002,
      259.3742460100002,
      285.31167061100024
    ],
    "delivery_fuel_costs": [
      100.0,
      110.00000000000001,
      121.00000000000001,
      133.10000000000005,
      146.41000000000005,
      161.05100000000004,
      177.1561000000001,
      194.87171000000012,
      214.35888100000017,
      235.7947691000002,
      259.3742460100002,
      285.31167061100024
    ],
    "fulfillment_costs": [
      100.0,
      110.00000000000001,
      121.00000000000001,
      133.10000000000005,
      146.41000000000005,
      161.05100000000004,
      177.1561000000001,
      194.87171000000012,
      214.35888100000017,
      235.7947691000002,
      259.3742460100002,
      285.31167061100024
    ],
    "gross_profit": [
      100.0,
      110.00000000000001,
      121.00000000000001,
      133.10000000000005,
      146.41000000000005,
      161.05100000000004,
      177.1561000000001,
      194.87171000000012,
      214.35888100000017,
      235.7947691000002,
      259.3742460100002,
      285.31167061100024
    ],
    "gross_margin": [
      100.0,
      110.00000000000001,
      121.00000000000001,
      133.10000000000005,
      146.41000000000005,
      161.05100000000004,
      177.1561000000001,
      194.87171000000012,
      214.35888100000017,
      235.7947691000002,
      259.3742460100002,
      285.31167061100024
    ],