{
  "status": "success",
  "model": {
    "name": "EcommerceCrossBorderShipping"
  },
  "mode": "deterministic",
  "seed": 42,
  "timesteps": 12,
  "variables": {
    "domestic_shipping_cost_total": [
      100.0,
      110.00000000000001,
      121.00000000000001,
      133.10000000000005,
      146.41000000000005,
      161.05100000000004,
      177.1561000000001,
      194.87171000000012,
      214.35888100000017,
      235.7947691000002,
      259.3742460100002,
      285.31167061100024
    ],
    "international_shipping_cost_total": [
      100.0,
      110.00000000000001,
      121.00000000000001,
      133.10000000000005,
      146.41000000000005,
      161.05100000000004,
      177.1561000000001,
      194.87171000000012,
      214.35888100000017,
      235.7947691000002,
      259.3742460100002,
      285.31167061100024
    ],
    "customs_revenue": [
      100.0,
      110.00000000000001,
      121.00000000000001,
      133.10000000000005,
      146.41000000000005,
      161.05100000000004,
      177.1561000000001,
      194.87171000000012,
      214.35888100000017,
      235.7947691000002,
      259.3742460100002,
      285.31167061100024
    ],
    "gross_revenue": [
      100.0,
      110.00000000000001,
      121.00000000000001,
      133.10000000000005,
      146.41000000000005,
      161.05100000000004,
      177.1561000000001,
      194.87171000000012,
      214.35888100000017,
      235.7947691000002,
      259.3742460100002,
      285.31167061100024
    ],
    "international_revenue": [
      100.0,
      110.00000000000001,
      121.00000000000001,
      133.10000000000005,
      146.41000000000005,
      161.05100000000004,
      177.1561000000001,
      194.87171000000012,
      214.35888100000017,
      235.7947691000002,
      259.3742460100002,
      285.31167061100024
    ],
    "import_duty_cost": [
      100.0,
      110.00000000000001,
      121.00000000000001,
      133.10000000000005,
      146.41000000000005,
      161.05100000000004,
      177.1561000000001,
      194.87171000000012,
      214.35888100000017,
      235.7947691000002,
      259.3742460100002,
      285.31167061100024
    ],
    "vat_cost": [
      100.0,
      110.00000000000001,
      121.00000000000001,
      133.10000000000005,
      146.41000000000005,
      161.05100000000004,
      177.1561000000001,
      194.87171000000012,
      214.35888100000017,
      235.7947691000002,
      259.3742460100002,
      285.31167061100024
    ],
    "international_return_cost": [
      100.0,
      110.00000000000001,
      121.00000000000001,
      133.10000000000005,
      146.41000000000005,
      161.05100000000004,
      177.1561000000001,
      194.87171000000012,
      214.35888100000017,
      235.7947691000002,
      259.3742460100002,
      285.31167061100024
    ],
    "domestic_return_cost": [
      100.0,
      110.00000000000001,
      121.00000000000001,
      133.10000000000005,
      146.41000000000005,
      161.05100000000004,
      177.1561000000001,
      194.87171000000012,
      214.35888100000017,
      235.7947691000002,
      259.3742460100002,
      285.31167061100024
    ],
    "total_logistics_costs": [
      100.0,
      110.00000000000001,
      121.00000000000001,
      133.10000000000005,
      146.41000000000005,
      161.05100000000004,
      177.1561000000001,
      194.87171000000012,
      214.35888100000017,
      235.7947691000002,
      259.3742460100002,
      285.31167061100024
    ],
    "contribution_margin": [
      100.0,
      110.00000000000001,
      121.00000000000001,
      133.10000000000005,
      146.41000000000005,
      161.05100000000004,
      177.1561000000001,
      194.87171000000012,
      214.35888100000017,
      235.7947691000002,
      259.3742460100002,
      285.31167061100024
    ]
  },
  "constraint_violations": [
    {
      "timestep": 0,
      "constraint": "international_orders_constraint",
      "severity": "warning",
      "message": "Constraint violated"
    },
    {
      "timestep": 1,
      "constraint": "international_orders_constraint",
      "severity": "warning",
      "message": "Constraint violated"
    },
    {
      "timestep": 2,
      "constraint": "international_orders_constraint",
      "severity": "warning",
      "message": "Constraint violated"
    },
    {
      "timestep": 3,
      "constraint": "international_orders_constraint",
      "severity": "warning",
      "message": "Constraint violated"
    },
    {
      "timestep": 4,
      "constraint": "international_orders_constraint",
      "severity": "warning",
      "message": "Constraint violated"
    },
    {
      "timestep": 5,
      "constraint": "international_orders_constraint",
      "severity": "warning",
      "message": "Constraint violated"
    },
    {
      "timestep": 6,
      "constraint": "international_orders_constraint",
      "severity": "warning",
      "message": "Constraint violated"
    },
    {
      "timestep": 7,
      "constraint": "international_orders_constraint",
      "severity": "warning",
      "message": "Constraint violated"
    },
    {
      "timestep": 8,
      "constraint": "international_orders_constraint",
      "severity": "warning",
      "message": "Constraint violated"
    },
    {
      "timestep": 9,
      "constraint": "international_orders_constraint",
      "severity": "warning",
      "message": "Constraint violated"
    },
    {
      "timestep": 10,
      "constraint": "international_orders_constraint",
      "severity": "warning",
      "message": "Constraint violated"
    },
    {
      "timestep": 11,
      "constraint": "international_orders_constraint",
      "severity": "warning",
      "message": "Constraint violated"
    }
  ],
  "policy_executions": [],
  "assumptions": [
    {
      "name": "avg_order_value",
      "value": 75.0,
      "source": "benchmark",
      "method": "assumption",
      "confidence": 1.0
    },
    {
      "name": "international_orders_pct",
      "value": 0.35,
      "source": "benchmark",
      "method": "assumption",
      "confidence": 1.0
    },
    {
      "name": "annual_orders",
      "value": 100000,
      "source": "benchmark",
      "method": "assumption",
      "confidence": 1.0
    },
    {
      "name": "international_orders",
      "value": 35000.0,
      "source": "benchmark",
      "method": "assumption",
      "confidence": 1.0
    },
    {
      "name": "domestic_orders",
      "value": 65000.0,
      "source": "benchmark",
      "method": "assumption",
      "confidence": 1.0
    },
    {
      "name": "international_shipping_cost",
      "value": 15.0,
      "source": "benchmark",
      "method": "assumption",
      "confidence": 1.0
    },
    {
      "name": "domestic_shipping_cost",
      "value": 5.0,
      "source": "benchmark",
      "method": "assumption",
      "confidence": 1.0
    },
    {
      "name": "customs_handling_fee",
      "value": 8.0,
      "source": "benchmark",
      "method": "assumption",
      "confidence": 1.0
    },
    {
      "name": "international_import_duty_rate",
      "value": 0.12,
      "source": "benchmark",
      "method": "assumption",
      "confidence": 1.0
    },
    {
      "name": "international_vat_rate",
      "value": 0.2,
      "source": "benchmark",
      "method": "assumption",
      "confidence": 1.0
    },
    {
      "name": "international_return_rate",
      "value": 0.2,
      "source": "benchmark",
      "method": "assumption",
      "confidence": 1.0
    },
    {
      "name": "domestic_return_rate",
      "value": 0.1,
      "source": "benchmark",
      "method": "assumption",
      "confidence": 1.0
    },
    {
      "name": "carrier_discount_rate",
      "value": 0.1,
      "source": "benchmark",
      "method": "assumption",
      "confidence": 1.0
    }
  ]
}