{
  "status": "success",
  "model": {
    "name": "EcommerceInventoryCarryingCost"
  },
  "mode": "deterministic",
  "seed": 42,
  "timesteps": 12,
  "variables": {
    "warehouse_costs": [
      100.0,
      110.00000000000001,
      121.00000000000001,
      133.10000000000005,
      146.41000000000005,
      161.05100000000004,
      177.1561000000001,
      194.87171000000012,
      214.35888100000017,
      235.7947691000002,
      259.3742460100002,
      285.31167061100024
    ],
    "working_capital_cost": [
      100.0,
      110.00000000000001,
      121.00000000000001,
      133.10000000000005,
      146.41000000000005,
      161.05100000000004,
      177.1561000000001,
      194.87171000000012,
      214.35888100000017,
      235.7947691000002,
      259.3742460100002,
      285.31167061100024
    ],
    "insurance_cost": [
      100.0,
      110.00000000000001,
      121.00000000000001,
      133.10000000000005,
      146.41000000000005,
      161.05100000000004,
      177.1561000000001,
      194.87171000000012,
      214.35888100000017,
      235.7947691000002,
      259.3742460100002,
      285.31167061100024
    ],
    "shrinkage_cost": [
      100.0,
      110.00000000000001,
      121.00000000000001,
      133.10000000000005,
      146.41000000000005,
      161.05100000000004,
      177.1561000000001,
      194.87171000000012,
      214.35888100000017,
      235.7947691000002,
      259.3742460100002,
      285.31167061100024
    ],
    "obsolescence_cost": [
      100.0,
      110.00000000000001,
      121.00000000000001,
      133.10000000000005,
      146.41000000000005,
      161.05100000000004,
      177.1561000000001,
      194.87171000000012,
      214.35888100000017,
      235.7947691000002,
      259.3742460100002,
      285.31167061100024
    ],
    "total_carrying_cost": [
      100.0,
      110.00000000000001,
      121.00000000000001,
      133.10000000000005,
      146.41000000000005,
      161.05100000000004,
      177.1561000000001,
      194.87171000000012,
      214.35888100000017,
      235.7947691000002,
      259.3742460100002,
      285.31167061100024
    ],
    "carrying_cost_per_unit_revenue": [
      100.0,
      110.00000000000001,
      121.00000000000001,
      133.10000000000005,
      146.41000000000005,
      161.05100000000004,
      177.1561000000001,
      194.87171000000012,
      214.35888100000017,
      235.7947691000002,
      259.3742460100002,
      285.31167061100024
    ],
    "improved_turnover_ratio": [
      100.0,
      110.00000000000001,
      121.00000000000001,
      133.10000000000005,
      146.41000000000005,
      161.05100000000004,
      177.1561000000001,
      194.87171000000012,
      214.35888100000017,
      235.7947691000002,
      259.3742460100002,
      285.31167061100024
    ],
    "improved_avg_inventory": [
      100.0,
      110.00000000000001,
      121.00000000000001,
      133.10000000000005,
      146.41000000000005,
      161.05100000000004,
      177.1561000000001,
      194.87171000000012,
      214.35888100000017,
      235.7947691000002,
      259.3742460100002,
      285.31167061100024
    ],
    "improved_carrying_costs": [
      100.0,
      110.00000000000001,
      121.00000000000001,
      133.10000000000005,
      146.41000000000005,
      161.05100000000004,
      177.1561000000001,
      194.87171000000012,
      214.35888100000017,
      235.7947691000002,
      259.3742460100002,
      285.31167061100024
    ],
    "carrying_cost_reduction": [
      100.0,
      110.00000000000001,
      121.00000000000001,
      133.10000000000005,
      146.41000000000005,
      161.05100000000004,
      177.1561000000001,
      194.87171000000012,
      214.35888100000017,
      235.7947691000002,
      259.3742460100002,
      285.31167061100024
    ]
  },
  "constraint_violations": [],
  "policy_executions": [],
  "assumptions": [
    {
      "name": "annual_cogs",
      "value": 5000000.0,
      "source": "benchmark",
      "method": "assumption",
      "confidence": 1.0
    },
    {
      "name": "annual_revenue",
      "value": 15000000.0,
      "source": "benchmark",
      "method": "assumption",
      "confidence": 1.0
    },
    {
      "name": "inventory_turnover_ratio",
      "value": 4.5,
      "source": "benchmark",
      "method": "assumption",
      "confidence": 1.0
    },
    {
      "name": "avg_inventory_value",
      "value": 1111111.111111111,
      "source": "benchmark",
      "method": "assumption",
      "confidence": 1.0
    },
    {
      "name": "warehouse_capacity_cost",
      "value": 500000.0,
      "source": "benchmark",
      "method": "assumption",
      "confidence": 1.0
    },
    {
      "name": "labor_cost",
      "value": 300000.0,
      "source": "benchmark",
      "method": "assumption",
      "confidence": 1.0
    },
    {
      "name": "utilities_cost",
      "value": 100000.0,
      "source": "benchmark",
      "method": "assumption",
      "confidence": 1.0
    },
    {
      "name": "equipment_cost",
      "value": 150000.0,
      "source": "benchmark",
      "method": "assumption",
      "confidence": 1.0
    },
    {
      "name": "working_capital_cost_rate",
      "value": 0.1,
      "source": "benchmark",
      "method": "assumption",
      "confidence": 1.0
    },
    {
      "name": "insurance_rate",
      "value": 0.02,
      "source": "benchmark",
      "method": "assumption",
      "confidence": 1.0
    },
    {
      "name": "shrinkage_rate",
      "value": 0.03,
      "source": "benchmark",
      "method": "assumption",
      "confidence": 1.0
    },
    {
      "name": "obsolescence_rate",
      "value": 0.05,
      "source": "benchmark",
      "method": "assumption",
      "confidence": 1.0
    }
  ]
}