{
  "status": "success",
  "model": {
    "name": "ecommerce_b2c_bench"
  },
  "mode": "deterministic",
  "seed": 42,
  "timesteps": 12,
  "variables": {
    "monthly_orders": [
      100.0,
      110.00000000000001,
      121.00000000000001,
      133.10000000000005,
      146.41000000000005,
      161.05100000000004,
      177.1561000000001,
      194.87171000000012,
      214.35888100000017,
      235.7947691000002,
      259.3742460100002,
      285.31167061100024
    ],
    "monthly_revenue": [
      100.0,
      110.00000000000001,
      121.00000000000001,
      133.10000000000005,
      146.41000000000005,
      161.05100000000004,
      177.1561000000001,
      194.87171000000012,
      214.35888100000017,
      235.7947691000002,
      259.3742460100002,
      285.31167061100024
    ],
    "monthly_cogs": [
      100.0,
      110.00000000000001,
      121.00000000000001,
      133.10000000000005,
      146.41000000000005,
      161.05100000000004,
      177.1561000000001,
      194.87171000000012,
      214.35888100000017,
      235.7947691000002,
      259.3742460100002,
      285.31167061100024
    ],
    "contribution_margin": [
      100.0,
      110.00000000000001,
      121.00000000000001,
      133.10000000000005,
      146.41000000000005,
      161.05100000000004,
      177.1561000000001,
      194.87171000000012,
      214.35888100000017,
      235.7947691000002,
      259.3742460100002,
      285.31167061100024
    ],
    "cac": [
      100.0,
      110.00000000000001,
      121.00000000000001,
      133.10000000000005,
      146.41000000000005,
      161.05100000000004,
      177.1561000000001,
      194.87171000000012,
      214.35888100000017,
      235.7947691000002,
      259.3742460100002,
      285.31167061100024
    ],
    "cltv": [
      100.0,
      110.00000000000001,
      121.00000000000001,
      133.10000000000005,
      146.41000000000005,
      161.05100000000004,
      177.1561000000001,
      194.87171000000012,
      214.35888100000017,
      235.7947691000002,
      259.3742460100002,
      285.31167061100024
    ],
    "roas": [
      100.0,
      110.00000000000001,
      121.00000000000001,
      133.10000000000005,
      146.41000000000005,
      161.05100000000004,
      177.1561000000001,
      194.87171000000012,
      214.35888100000017,
      235.7947691000002,
      259.3742460100002,
      285.31167061100024
    ],
    "cltv_to_cac": [
      100.0,
      110.00000000000001,
      121.00000000000001,
      133.10000000000005,
      146.41000000000005,
      161.05100000000004,
      177.1561000000001,
      194.87171000000012,
      214.35888100000017,
      235.7947691000002,
      259.3742460100002,
      285.31167061100024
    ]
  },
  "constraint_violations": [
    {
      "timestep": 0,
      "constraint": "roas_target",
      "severity": "warning",
      "message": "Constraint violated"
    },
    {
      "timestep": 0,
      "constraint": "unit_economics",
      "severity": "warning",
      "message": "Constraint violated"
    },
    {
      "timestep": 1,
      "constraint": "roas_target",
      "severity": "warning",
      "message": "Constraint violated"
    },
    {
      "timestep": 1,
      "constraint": "unit_economics",
      "severity": "warning",
      "message": "Constraint violated"
    },
    {
      "timestep": 2,
      "constraint": "roas_target",
      "severity": "warning",
      "message": "Constraint violated"
    },
    {
      "timestep": 2,
      "constraint": "unit_economics",
      "severity": "warning",
      "message": "Constraint violated"
    },
    {
      "timestep": 3,
      "constraint": "roas_target",
      "severity": "warning",
      "message": "Constraint violated"
    },
    {
      "timestep": 3,
      "constraint": "unit_economics",
      "severity": "warning",
      "message": "Constraint violated"
    },
    {
      "timestep": 4,
      "constraint": "roas_target",
      "severity": "warning",
      "message": "Constraint violated"
    },
    {
      "timestep": 4,
      "constraint": "unit_economics",
      "severity": "warning",
      "message": "Constraint violated"
    },
    {
      "timestep": 5,
      "constraint": "roas_target",
      "severity": "warning",
      "message": "Constraint violated"
    },
    {
      "timestep": 5,
      "constraint": "unit_economics",
      "severity": "warning",
      "message": "Constraint violated"
    },
    {
      "timestep": 6,
      "constraint": "roas_target",
      "severity": "warning",
      "message": "Constraint violated"
    },
    {
      "timestep": 6,
      "constraint": "unit_economics",
      "severity": "warning",
      "message": "Constraint violated"
    },
    {
      "timestep": 7,
      "constraint": "roas_target",
      "severity": "warning",
      "message": "Constraint violated"
    },
    {
      "timestep": 7,
      "constraint": "unit_economics",
      "severity": "warning",
      "message": "Constraint violated"
    },
    {
      "timestep": 8,
      "constraint": "roas_target",
      "severity": "warning",
      "message": "Constraint violated"
    },
    {
      "timestep": 8,
      "constraint": "unit_economics",
      "severity": "warning",
      "message": "Constraint violated"
    },
    {
      "timestep": 9,
      "constraint": "roas_target",
      "severity": "warning",
      "message": "Constraint violated"
    },
    {
      "timestep": 9,
      "constraint": "unit_economics",
      "severity": "warning",
      "message": "Constraint violated"
    },
    {
      "timestep": 10,
      "constraint": "roas_target",
      "severity": "warning",
      "message": "Constraint violated"
    },
    {
      "timestep": 10,
      "constraint": "unit_economics",
      "severity": "warning",
      "message": "Constraint violated"
    },
    {
      "timestep": 11,
      "constraint": "roas_target",
      "severity": "warning",
      "message": "Constraint violated"
    },
    {
      "timestep": 11,
      "constraint": "unit_economics",
      "severity": "warning",
      "message": "Constraint violated"
    }
  ],
  "policy_executions": [],
  "assumptions": [
    {
      "name": "monthly_visitors",
      "value": 50000,
      "source": "google_analytics",
      "method": "observed",
      "confidence": 0.95
    },
    {
      "name": "conversion_rate",
      "value": 0.025,
      "source": "conversion_tracking",
      "method": "observed",
      "confidence": 0.9
    },
    {
      "name": "aov",
      "value": 125.0,
      "source": "shopify_data",
      "method": "observed",
      "confidence": 0.95
    },
    {
      "name": "cogs_pct",
      "value": 0.4,
      "source": "inventory_analysis",
      "method": "derived",
      "confidence": 0.85
    },
    {
      "name": "monthly_ad_spend",
      "value": 15000.0,
      "source": "facebook_ads_google_ads",
      "method": "observed",
      "confidence": 0.95
    },
    {
      "name": "repeat_rate",
      "value": 0.3,
      "source": "customer_cohorts",
      "method": "fitted",
      "confidence": 0.75
    }
  ]
}