{
  "status": "success",
  "model": {
    "name": "HiringPlan"
  },
  "mode": "deterministic",
  "seed": 42,
  "timesteps": 24,
  "variables": {
    "headcount": [
      100.0,
      110.00000000000001,
      121.00000000000001,
      133.10000000000005,
      146.41000000000005,
      161.05100000000004,
      177.1561000000001,
      194.87171000000012,
      214.35888100000017,
      235.7947691000002,
      259.3742460100002,
      285.31167061100024,
      313.8428376721003,
      345.2271214393104,
      379.7498335832414,
      417.7248169415656,
      459.4972986357222,
      505.4470284992945,
      555.991731349224,
      611.5909044841464,
      672.7499949325611,
      740.0249944258172,
      814.0274938683991,
      895.430243255239
    ],
    "avg_salary": [
      100.0,
      110.00000000000001,
      121.00000000000001,
      133.10000000000005,
      146.41000000000005,
      161.05100000000004,
      177.1561000000001,
      194.87171000000012,
      214.35888100000017,
      235.7947691000002,
      259.3742460100002,
      285.31167061100024,
      313.8428376721003,
      345.2271214393104,
      379.7498335832414,
      417.7248169415656,
      459.4972986357222,
      505.4470284992945,
      555.991731349224,
      611.5909044841464,
      672.7499949325611,
      740.0249944258172,
      814.0274938683991,
      895.430243255239
    ],
    "monthly_payroll": [
      100.0,
      110.00000000000001,
      121.00000000000001,
      133.10000000000005,
      146.41000000000005,
      161.05100000000004,
      177.1561000000001,
      194.87171000000012,
      214.35888100000017,
      235.7947691000002,
      259.3742460100002,
      285.31167061100024,
      313.8428376721003,
      345.2271214393104,
      379.7498335832414,
      417.7248169415656,
      459.4972986357222,
      505.4470284992945,
      555.991731349224,
      611.5909044841464,
      672.7499949325611,
      740.0249944258172,
      814.0274938683991,
      895.430243255239
    ],
    "annual_budget": [
      100.0,
      110.00000000000001,
      121.00000000000001,
      133.10000000000005,
      146.41000000000005,
      161.05100000000004,
      177.1561000000001,
      194.87171000000012,
      214.35888100000017,
      235.7947691000002,
      259.3742460100002,
      285.31167061100024,
      313.8428376721003,
      345.2271214393104,
      379.7498335832414,
      417.7248169415656,
      459.4972986357222,
      505.4470284992945,
      555.991731349224,
      611.5909044841464,
      672.7499949325611,
      740.0249944258172,
      814.0274938683991,
      895.430243255239
    ]
  },
  "constraint_violations": [],
  "policy_executions": [],
  "assumptions": [
    {
      "name": "initial_engineers",
      "value": 5,
      "source": "hr_system",
      "method": "observed",
      "confidence": 1.0
    },
    {
      "name": "starting_salary",
      "value": 120000.0,
      "source": "offer_letters_2026",
      "method": "observed",
      "confidence": 0.95
    },
    {
      "name": "hiring_rate",
      "value": 0.67,
      "source": "hiring_plan_2026",
      "method": "assumption",
      "confidence": 0.7
    },
    {
      "name": "monthly_raise_rate",
      "value": 0.0025,
      "source": "compensation_policy",
      "method": "assumption",
      "confidence": 0.9
    }
  ]
}