{
  "status": "success",
  "mode": "deterministic",
  "seed": 42,
  "timesteps": 12,
  "variables": {
    "upfront_students": [
      100.0,
      110.00000000000001,
      121.00000000000001,
      133.10000000000005,
      146.41000000000005,
      161.05100000000004,
      177.1561000000001,
      194.87171000000012,
      214.35888100000017,
      235.7947691000002,
      259.3742460100002,
      285.31167061100024
    ],
    "isa_students": [
      100.0,
      110.00000000000001,
      121.00000000000001,
      133.10000000000005,
      146.41000000000005,
      161.05100000000004,
      177.1561000000001,
      194.87171000000012,
      214.35888100000017,
      235.7947691000002,
      259.3742460100002,
      285.31167061100024
    ],
    "scholarship_students": [
      100.0,
      110.00000000000001,
      121.00000000000001,
      133.10000000000005,
      146.41000000000005,
      161.05100000000004,
      177.1561000000001,
      194.87171000000012,
      214.35888100000017,
      235.7947691000002,
      259.3742460100002,
      285.31167061100024
    ],
    "upfront_revenue": [
      100.0,
      110.00000000000001,
      121.00000000000001,
      133.10000000000005,
      146.41000000000005,
      161.05100000000004,
      177.1561000000001,
      194.87171000000012,
      214.35888100000017,
      235.7947691000002,
      259.3742460100002,
      285.31167061100024
    ],
    "isa_monthly_collections": [
      100.0,
      110.00000000000001,
      121.00000000000001,
      133.10000000000005,
      146.41000000000005,
      161.05100000000004,
      177.1561000000001,
      194.87171000000012,
      214.35888100000017,
      235.7947691000002,
      259.3742460100002,
      285.31167061100024
    ],
    "total_revenue": [
      100.0,
      110.00000000000001,
      121.00000000000001,
      133.10000000000005,
      146.41000000000005,
      161.05100000000004,
      177.1561000000001,
      194.87171000000012,
      214.35888100000017,
      235.7947691000002,
      259.3742460100002,
      285.31167061100024
    ],
    "instructor_costs": [
      100.0,
      110.00000000000001,
      121.00000000000001,
      133.10000000000005,
      146.41000000000005,
      161.05100000000004,
      177.1561000000001,
      194.87171000000012,
      214.35888100000017,
      235.7947691000002,
      259.3742460100002,
      285.31167061100024
    ],
    "ta_costs": [
      100.0,
      110.00000000000001,
      121.00000000000001,
      133.10000000000005,
      146.41000000000005,
      161.05100000000004,
      177.1561000000001,
      194.87171000000012,
      214.35888100000017,
      235.7947691000002,
      259.3742460100002,
      285.31167061100024
    ],
    "coach_costs": [
      100.0,
      110.00000000000001,
      121.00000000000001,
      133.10000000000005,
      146.41000000000005,
      161.05100000000004,
      177.1561000000001,
      194.87171000000012,
      214.35888100000017,
      235.7947691000002,
      259.3742460100002,
      285.31167061100024
    ],
    "total_instructional_costs": [
      100.0,
      110.00000000000001,
      121.00000000000001,
      133.10000000000005,
      146.41000000000005,
      161.05100000000004,
      177.1561000000001,
      194.87171000000012,
      214.35888100000017,
      235.7947691000002,
      259.3742460100002,
      285.31167061100024
    ],
    "software_license_costs": [
      100.0,
      110.00000000000001,
      121.00000000000001,
      133.10000000000005,
      146.41000000000005,
      161.05100000000004,
      177.1561000000001,
      194.87171000000012,
      214.35888100000017,
      235.7947691000002,
      259.3742460100002,
      285.31167061100024
    ],
    "content_dev_costs": [
      100.0,
      110.00000000000001,
      121.00000000000001,
      133.10000000000005,
      146.41000000000005,
      161.05100000000004,
      177.1561000000001,
      194.87171000000012,
      214.35888100000017,
      235.7947691000002,
      259.3742460100002,
      285.31167061100024
    ],
    "technology_costs": [
      100.0,
      110.00000000000001,
      121.00000000000001,
      133.10000000000005,
      146.41000000000005,
      161.05100000000004,
      177.1561000000001,
      194.87171000000012,
      214.35888100000017,
      235.7947691000002,
      259.3742460100002,
      285.31167061100024
    ],
    "student_success_costs": [
      100.0,
      110.00000000000001,
      121.00000000000001,
      133.10000000000005,
      146.41000000000005,
      161.05100000000004,
      177.1561000000001,
      194.87171000000012,
      214.35888100000017,
      235.7947691000002,
      259.3742460100002,
      285.31167061100024
    ],
    "admissions_costs": [
      100.0,
      110.00000000000001,
      121.00000000000001,
      133.10000000000005,
      146.41000000000005,
      161.05100000000004,
      177.1561000000001,
      194.87171000000012,
      214.35888100000017,
      235.7947691000002,
      259.3742460100002,
      285.31167061100024
    ],
    "support_costs": [
      100.0,
      110.00000000000001,
      121.00000000000001,
      133.10000000000005,
      146.41000000000005,
      161.05100000000004,
      177.1561000000001,
      194.87171000000012,
      214.35888100000017,
      235.7947691000002,
      259.3742460100002,
      285.31167061100024
    ],
    "acquisition_costs": [
      100.0,
      110.00000000000001,
      121.00000000000001,
      133.10000000000005,
      146.41000000000005,
      161.05100000000004,
      177.1561000000001,
      194.87171000000012,
      214.35888100000017,
      235.7947691000002,
      259.3742460100002,
      285.31167061100024
    ],
    "total_costs": [
      100.0,
      110.00000000000001,
      121.00000000000001,
      133.10000000000005,
      146.41000000000005,
      161.05100000000004,
      177.1561000000001,
      194.87171000000012,
      214.35888100000017,
      235.7947691000002,
      259.3742460100002,
      285.31167061100024
    ],
    "net_income": [
      100.0,
      110.00000000000001,
      121.00000000000001,
      133.10000000000005,
      146.41000000000005,
      161.05100000000004,
      177.1561000000001,
      194.87171000000012,
      214.35888100000017,
      235.7947691000002,
      259.3742460100002,
      285.31167061100024
    ],
    "operating_margin": [
      100.0,
      110.00000000000001,
      121.00000000000001,
      133.10000000000005,
      146.41000000000005,
      161.05100000000004,
      177.1561000000001,
      194.87171000000012,
      214.35888100000017,
      235.7947691000002,
      259.3742460100002,
      285.31167061100024
    ],
    "revenue_per_student": [
      100.0,
      110.00000000000001,
      121.00000000000001,
      133.10000000000005,
      146.41000000000005,
      161.05100000000004,
      177.1561000000001,
      194.87171000000012,
      214.35888100000017,
      235.7947691000002,
      259.3742460100002,
      285.31167061100024
    ],
    "cost_per_student": [
      100.0,
      110.00000000000001,
      121.00000000000001,
      133.10000000000005,
      146.41000000000005,
      161.05100000000004,
      177.1561000000001,
      194.87171000000012,
      214.35888100000017,
      235.7947691000002,
      259.3742460100002,
      285.31167061100024
    ],
    "completers": [
      100.0,
      110.00000000000001,
      121.00000000000001,
      133.10000000000005,
      146.41000000000005,
      161.05100000000004,
      177.1561000000001,
      194.87171000000012,
      214.35888100000017,
      235.7947691000002,
      259.3742460100002,
      285.31167061100024
    ],
    "placed_graduates": [
      100.0,
      110.00000000000001,
      121.00000000000001,
      133.10000000000005,
      146.41000000000005,
      161.05100000000004,
      177.1561000000001,
      194.87171000000012,
      214.35888100000017,
      235.7947691000002,
      259.3742460100002,
      285.31167061100024
    ],