{
  "status": "success",
  "model": {
    "name": "SaaSDevToolsUsageBased"
  },
  "mode": "deterministic",
  "seed": 42,
  "timesteps": 12,
  "variables": {
    "paid_api_calls": [
      100.0,
      110.00000000000001,
      121.00000000000001,
      133.10000000000005,
      146.41000000000005,
      161.05100000000004,
      177.1561000000001,
      194.87171000000012,
      214.35888100000017,
      235.7947691000002,
      259.3742460100002,
      285.31167061100024
    ],
    "excess_calls": [
      100.0,
      110.00000000000001,
      121.00000000000001,
      133.10000000000005,
      146.41000000000005,
      161.05100000000004,
      177.1561000000001,
      194.87171000000012,
      214.35888100000017,
      235.7947691000002,
      259.3742460100002,
      285.31167061100024
    ],
    "usage_revenue": [
      100.0,
      110.00000000000001,
      121.00000000000001,
      133.10000000000005,
      146.41000000000005,
      161.05100000000004,
      177.1561000000001,
      194.87171000000012,
      214.35888100000017,
      235.7947691000002,
      259.3742460100002,
      285.31167061100024
    ],
    "base_subscription_revenue": [
      100.0,
      110.00000000000001,
      121.00000000000001,
      133.10000000000005,
      146.41000000000005,
      161.05100000000004,
      177.1561000000001,
      194.87171000000012,
      214.35888100000017,
      235.7947691000002,
      259.3742460100002,
      285.31167061100024
    ],
    "monthly_subscription_revenue": [
      100.0,
      110.00000000000001,
      121.00000000000001,
      133.10000000000005,
      146.41000000000005,
      161.05100000000004,
      177.1561000000001,
      194.87171000000012,
      214.35888100000017,
      235.7947691000002,
      259.3742460100002,
      285.31167061100024
    ],
    "api_infrastructure_cost_total": [
      100.0,
      110.00000000000001,
      121.00000000000001,
      133.10000000000005,
      146.41000000000005,
      161.05100000000004,
      177.1561000000001,
      194.87171000000012,
      214.35888100000017,
      235.7947691000002,
      259.3742460100002,
      285.31167061100024
    ],
    "total_monthly_costs": [
      100.0,
      110.00000000000001,
      121.00000000000001,
      133.10000000000005,
      146.41000000000005,
      161.05100000000004,
      177.1561000000001,
      194.87171000000012,
      214.35888100000017,
      235.7947691000002,
      259.3742460100002,
      285.31167061100024
    ],
    "monthly_gross_profit": [
      100.0,
      110.00000000000001,
      121.00000000000001,
      133.10000000000005,
      146.41000000000005,
      161.05100000000004,
      177.1561000000001,
      194.87171000000012,
      214.35888100000017,
      235.7947691000002,
      259.3742460100002,
      285.31167061100024
    ],
    "annual_arr": [
      100.0,
      110.00000000000001,
      121.00000000000001,
      133.10000000000005,
      146.41000000000005,
      161.05100000000004,
      177.1561000000001,
      194.87171000000012,
      214.35888100000017,
      235.7947691000002,
      259.3742460100002,
      285.31167061100024
    ]
  },
  "constraint_violations": [],
  "policy_executions": [],
  "assumptions": [
    {
      "name": "active_accounts",
      "value": 800,
      "source": "benchmark",
      "method": "assumption",
      "confidence": 1.0
    },
    {
      "name": "avg_monthly_api_calls",
      "value": 10000000,
      "source": "benchmark",
      "method": "assumption",
      "confidence": 1.0
    },
    {
      "name": "total_api_calls",
      "value": 8000000000,
      "source": "benchmark",
      "method": "assumption",
      "confidence": 1.0
    },
    {
      "name": "free_tier_accounts",
      "value": 200,
      "source": "benchmark",
      "method": "assumption",
      "confidence": 1.0
    },
    {
      "name": "free_tier_api_allowance",
      "value": 1000000,
      "source": "benchmark",
      "method": "assumption",
      "confidence": 1.0
    },
    {
      "name": "paid_account_count",
      "value": 600,
      "source": "benchmark",
      "method": "assumption",
      "confidence": 1.0
    },
    {
      "name": "base_monthly_fee",
      "value": 100.0,
      "source": "benchmark",
      "method": "assumption",
      "confidence": 1.0
    },
    {
      "name": "price_per_million_calls",
      "value": 50.0,
      "source": "benchmark",
      "method": "assumption",
      "confidence": 1.0
    },
    {
      "name": "account_churn_rate",
      "value": 0.03,
      "source": "benchmark",
      "method": "assumption",
      "confidence": 1.0
    },
    {
      "name": "upgrade_rate",
      "value": 0.08,
      "source": "benchmark",
      "method": "assumption",
      "confidence": 1.0
    },
    {
      "name": "api_infrastructure_cost",
      "value": 0.008,
      "source": "benchmark",
      "method": "assumption",
      "confidence": 1.0
    },
    {
      "name": "support_cost",
      "value": 25000.0,
      "source": "benchmark",
      "method": "assumption",
      "confidence": 1.0
    },
    {
      "name": "platform_opex",
      "value": 150000.0,
      "source": "benchmark",
      "method": "assumption",
      "confidence": 1.0
    },
    {
      "name": "sales_and_marketing",
      "value": 200000.0,
      "source": "benchmark",
      "method": "assumption",
      "confidence": 1.0
    }
  ]
}