{
  "status": "success",
  "model": {
    "name": "saas_enterprise_expansion"
  },
  "mode": "deterministic",
  "seed": 42,
  "timesteps": 12,
  "variables": {
    "base_acv": [
      100.0,
      110.00000000000001,
      121.00000000000001,
      133.10000000000005,
      146.41000000000005,
      161.05100000000004,
      177.1561000000001,
      194.87171000000012,
      214.35888100000017,
      235.7947691000002,
      259.3742460100002,
      285.31167061100024
    ],
    "seat_expansion_revenue": [
      100.0,
      110.00000000000001,
      121.00000000000001,
      133.10000000000005,
      146.41000000000005,
      161.05100000000004,
      177.1561000000001,
      194.87171000000012,
      214.35888100000017,
      235.7947691000002,
      259.3742460100002,
      285.31167061100024
    ],
    "feature_upsell_revenue": [
      100.0,
      110.00000000000001,
      121.00000000000001,
      133.10000000000005,
      146.41000000000005,
      161.05100000000004,
      177.1561000000001,
      194.87171000000012,
      214.35888100000017,
      235.7947691000002,
      259.3742460100002,
      285.31167061100024
    ],
    "integration_revenue": [
      100.0,
      110.00000000000001,
      121.00000000000001,
      133.10000000000005,
      146.41000000000005,
      161.05100000000004,
      177.1561000000001,
      194.87171000000012,
      214.35888100000017,
      235.7947691000002,
      259.3742460100002,
      285.31167061100024
    ],
    "premium_support_revenue": [
      100.0,
      110.00000000000001,
      121.00000000000001,
      133.10000000000005,
      146.41000000000005,
      161.05100000000004,
      177.1561000000001,
      194.87171000000012,
      214.35888100000017,
      235.7947691000002,
      259.3742460100002,
      285.31167061100024
    ],
    "total_expansion": [
      100.0,
      110.00000000000001,
      121.00000000000001,
      133.10000000000005,
      146.41000000000005,
      161.05100000000004,
      177.1561000000001,
      194.87171000000012,
      214.35888100000017,
      235.7947691000002,
      259.3742460100002,
      285.31167061100024
    ],
    "total_arr": [
      100.0,
      110.00000000000001,
      121.00000000000001,
      133.10000000000005,
      146.41000000000005,
      161.05100000000004,
      177.1561000000001,
      194.87171000000012,
      214.35888100000017,
      235.7947691000002,
      259.3742460100002,
      285.31167061100024
    ]
  },
  "constraint_violations": [
    {
      "timestep": 0,
      "constraint": "nrr_expansion",
      "severity": "warning",
      "message": "Constraint violated"
    },
    {
      "timestep": 1,
      "constraint": "nrr_expansion",
      "severity": "warning",
      "message": "Constraint violated"
    },
    {
      "timestep": 2,
      "constraint": "nrr_expansion",
      "severity": "warning",
      "message": "Constraint violated"
    },
    {
      "timestep": 3,
      "constraint": "nrr_expansion",
      "severity": "warning",
      "message": "Constraint violated"
    },
    {
      "timestep": 4,
      "constraint": "nrr_expansion",
      "severity": "warning",
      "message": "Constraint violated"
    },
    {
      "timestep": 5,
      "constraint": "nrr_expansion",
      "severity": "warning",
      "message": "Constraint violated"
    },
    {
      "timestep": 6,
      "constraint": "nrr_expansion",
      "severity": "warning",
      "message": "Constraint violated"
    },
    {
      "timestep": 7,
      "constraint": "nrr_expansion",
      "severity": "warning",
      "message": "Constraint violated"
    },
    {
      "timestep": 8,
      "constraint": "nrr_expansion",
      "severity": "warning",
      "message": "Constraint violated"
    },
    {
      "timestep": 9,
      "constraint": "nrr_expansion",
      "severity": "warning",
      "message": "Constraint violated"
    },
    {
      "timestep": 10,
      "constraint": "nrr_expansion",
      "severity": "warning",
      "message": "Constraint violated"
    },
    {
      "timestep": 11,
      "constraint": "nrr_expansion",
      "severity": "warning",
      "message": "Constraint violated"
    }
  ],
  "policy_executions": [],
  "assumptions": [
    {
      "name": "initial_acv",
      "value": 100000.0,
      "source": "benchmark",
      "method": "assumption",
      "confidence": 1.0
    },
    {
      "name": "enterprise_accounts",
      "value": 80,
      "source": "benchmark",
      "method": "assumption",
      "confidence": 1.0
    },
    {
      "name": "dilution_rate",
      "value": 0.02,
      "source": "benchmark",
      "method": "assumption",
      "confidence": 1.0
    },
    {
      "name": "avg_seats_per_account",
      "value": 150,
      "source": "benchmark",
      "method": "assumption",
      "confidence": 1.0
    },
    {
      "name": "price_per_seat",
      "value": 500.0,
      "source": "benchmark",
      "method": "assumption",
      "confidence": 1.0
    },
    {
      "name": "seat_expansion_rate",
      "value": 0.2,
      "source": "benchmark",
      "method": "assumption",
      "confidence": 1.0
    },
    {
      "name": "feature_upsell_rate",
      "value": 0.15,
      "source": "benchmark",
      "method": "assumption",
      "confidence": 1.0
    },
    {
      "name": "feature_upsell_value",
      "value": 25000.0,
      "source": "benchmark",
      "method": "assumption",
      "confidence": 1.0
    },
    {
      "name": "integration_upsell_rate",
      "value": 0.1,
      "source": "benchmark",
      "method": "assumption",
      "confidence": 1.0
    },
    {
      "name": "integration_value",
      "value": 15000.0,
      "source": "benchmark",
      "method": "assumption",
      "confidence": 1.0
    },
    {
      "name": "premium_support_adoption",
      "value": 0.4,
      "source": "benchmark",
      "method": "assumption",
      "confidence": 1.0
    },
    {
      "name": "premium_support_value",
      "value": 5000.0,
      "source": "benchmark",
      "method": "assumption",
      "confidence": 1.0
    }
  ]
}