{
  "status": "success",
  "model": {
    "name": "ServicesLegalFirmBilling"
  },
  "mode": "deterministic",
  "seed": 42,
  "timesteps": 12,
  "variables": {
    "partner_hours": [
      100.0,
      110.00000000000001,
      121.00000000000001,
      133.10000000000005,
      146.41000000000005,
      161.05100000000004,
      177.1561000000001,
      194.87171000000012,
      214.35888100000017,
      235.7947691000002,
      259.3742460100002,
      285.31167061100024
    ],
    "senior_hours": [
      100.0,
      110.00000000000001,
      121.00000000000001,
      133.10000000000005,
      146.41000000000005,
      161.05100000000004,
      177.1561000000001,
      194.87171000000012,
      214.35888100000017,
      235.7947691000002,
      259.3742460100002,
      285.31167061100024
    ],
    "junior_hours": [
      100.0,
      110.00000000000001,
      121.00000000000001,
      133.10000000000005,
      146.41000000000005,
      161.05100000000004,
      177.1561000000001,
      194.87171000000012,
      214.35888100000017,
      235.7947691000002,
      259.3742460100002,
      285.31167061100024
    ],
    "total_billable_hours": [
      100.0,
      110.00000000000001,
      121.00000000000001,
      133.10000000000005,
      146.41000000000005,
      161.05100000000004,
      177.1561000000001,
      194.87171000000012,
      214.35888100000017,
      235.7947691000002,
      259.3742460100002,
      285.31167061100024
    ],
    "partner_revenue_billed": [
      100.0,
      110.00000000000001,
      121.00000000000001,
      133.10000000000005,
      146.41000000000005,
      161.05100000000004,
      177.1561000000001,
      194.87171000000012,
      214.35888100000017,
      235.7947691000002,
      259.3742460100002,
      285.31167061100024
    ],
    "senior_revenue_billed": [
      100.0,
      110.00000000000001,
      121.00000000000001,
      133.10000000000005,
      146.41000000000005,
      161.05100000000004,
      177.1561000000001,
      194.87171000000012,
      214.35888100000017,
      235.7947691000002,
      259.3742460100002,
      285.31167061100024
    ],
    "junior_revenue_billed": [
      100.0,
      110.00000000000001,
      121.00000000000001,
      133.10000000000005,
      146.41000000000005,
      161.05100000000004,
      177.1561000000001,
      194.87171000000012,
      214.35888100000017,
      235.7947691000002,
      259.3742460100002,
      285.31167061100024
    ],
    "gross_billings": [
      100.0,
      110.00000000000001,
      121.00000000000001,
      133.10000000000005,
      146.41000000000005,
      161.05100000000004,
      177.1561000000001,
      194.87171000000012,
      214.35888100000017,
      235.7947691000002,
      259.3742460100002,
      285.31167061100024
    ],
    "net_revenue": [
      100.0,
      110.00000000000001,
      121.00000000000001,
      133.10000000000005,
      146.41000000000005,
      161.05100000000004,
      177.1561000000001,
      194.87171000000012,
      214.35888100000017,
      235.7947691000002,
      259.3742460100002,
      285.31167061100024
    ],
    "partner_costs": [
      100.0,
      110.00000000000001,
      121.00000000000001,
      133.10000000000005,
      146.41000000000005,
      161.05100000000004,
      177.1561000000001,
      194.87171000000012,
      214.35888100000017,
      235.7947691000002,
      259.3742460100002,
      285.31167061100024
    ],
    "senior_associate_costs": [
      100.0,
      110.00000000000001,
      121.00000000000001,
      133.10000000000005,
      146.41000000000005,
      161.05100000000004,
      177.1561000000001,
      194.87171000000012,
      214.35888100000017,
      235.7947691000002,
      259.3742460100002,
      285.31167061100024
    ],
    "junior_associate_costs": [
      100.0,
      110.00000000000001,
      121.00000000000001,
      133.10000000000005,
      146.41000000000005,
      161.05100000000004,
      177.1561000000001,
      194.87171000000012,
      214.35888100000017,
      235.7947691000002,
      259.3742460100002,
      285.31167061100024
    ],
    "total_attorney_compensation": [
      100.0,
      110.00000000000001,
      121.00000000000001,
      133.10000000000005,
      146.41000000000005,
      161.05100000000004,
      177.1561000000001,
      194.87171000000012,
      214.35888100000017,
      235.7947691000002,
      259.3742460100002,
      285.31167061100024
    ],
    "paralegal_costs": [
      100.0,
      110.00000000000001,
      121.00000000000001,
      133.10000000000005,
      146.41000000000005,
      161.05100000000004,
      177.1561000000001,
      194.87171000000012,
      214.35888100000017,
      235.7947691000002,
      259.3742460100002,
      285.31167061100024
    ],
    "admin_costs": [
      100.0,
      110.00000000000001,
      121.00000000000001,
      133.10000000000005,
      146.41000000000005,
      161.05100000000004,
      177.1561000000001,
      194.87171000000012,
      214.35888100000017,
      235.7947691000002,
      259.3742460100002,
      285.31167061100024
    ],
    "support_staff_costs": [
      100.0,
      110.00000000000001,
      121.00000000000001,
      133.10000000000005,
      146.41000000000005,
      161.05100000000004,
      177.1561000000001,
      194.87171000000012,
      214.35888100000017,
      235.7947691000002,
      259.3742460100002,
      285.31167061100024
    ],
    "total_opex": [
      100.0,
      110.00000000000001,
      121.00000000000001,
      133.10000000000005,
      146.41000000000005,
      161.05100000000004,
      177.1561000000001,
      194.87171000000012,
      214.35888100000017,
      235.7947691000002,
      259.3742460100002,
      285.31167061100024
    ],
    "total_costs": [
      100.0,
      110.00000000000001,
      121.00000000000001,
      133.10000000000005,
      146.41000000000005,
      161.05100000000004,
      177.1561000000001,
      194.87171000000012,
      214.35888100000017,
      235.7947691000002,
      259.3742460100002,
      285.31167061100024
    ],
    "net_income": [
      100.0,
      110.00000000000001,
      121.00000000000001,
      133.10000000000005,
      146.41000000000005,
      161.05100000000004,
      177.1561000000001,
      194.87171000000012,
      214.35888100000017,
      235.7947691000002,
      259.3742460100002,
      285.31167061100024
    ],
    "operating_margin": [
      100.0,
      110.00000000000001,
      121.00000000000001,
      133.10000000000005,
      146.41000000000005,
      161.05100000000004,
      177.1561000000001,
      194.87171000000012,
      214.35888100000017,
      235.7947691000002,
      259.3742460100002,
      285.31167061100024
    ],
    "revenue_per_lawyer": [
      100.0,
      110.00000000000001,
      121.00000000000001,
      133.10000000000005,
      146.41000000000005,
      161.05100000000004,
      177.1561000000001,
      194.87171000000012,
      214.35888100000017,
      235.7947691000002,
      259.3742460100002,
      285.31167061100024
    ],
    "avg_billing_rate": [
      100.0,
      110.00000000000001,
      121.00000000000001,
      133.10000000000005,
      146.41000000000005,
      161.05100000000004,
      177.1561000000001,
      194.87171000000012,
      214.35888100000017,
      235.7947691000002,
      259.3742460100002,
      285.31167061100024
    ],
    "leverage_ratio": [
      100.0,
      110.00000000000001,
      121.00000000000001,
      133.10000000000005,
      146.41000000000005,
      161.05100000000004,
      177.1561000000001,
      194.87171000000012,
      214.35888100000017,
      235.7947691000002,
      259.3742460100002,
      285.31167061100024
    ],