{
  "status": "success",
  "model": {
    "name": "MarketplaceGigEconomyCommissions"
  },
  "mode": "deterministic",
  "seed": 42,
  "timesteps": 12,
  "variables": {
    "monthly_gig_volume": [
      100.0,
      110.00000000000001,
      121.00000000000001,
      133.10000000000005,
      146.41000000000005,
      161.05100000000004,
      177.1561000000001,
      194.87171000000012,
      214.35888100000017,
      235.7947691000002,
      259.3742460100002,
      285.31167061100024
    ],
    "monthly_gmv": [
      100.0,
      110.00000000000001,
      121.00000000000001,
      133.10000000000005,
      146.41000000000005,
      161.05100000000004,
      177.1561000000001,
      194.87171000000012,
      214.35888100000017,
      235.7947691000002,
      259.3742460100002,
      285.31167061100024
    ],
    "commission_revenue": [
      100.0,
      110.00000000000001,
      121.00000000000001,
      133.10000000000005,
      146.41000000000005,
      161.05100000000004,
      177.1561000000001,
      194.87171000000012,
      214.35888100000017,
      235.7947691000002,
      259.3742460100002,
      285.31167061100024
    ],
    "annual_commission_revenue": [
      100.0,
      110.00000000000001,
      121.00000000000001,
      133.10000000000005,
      146.41000000000005,
      161.05100000000004,
      177.1561000000001,
      194.87171000000012,
      214.35888100000017,
      235.7947691000002,
      259.3742460100002,
      285.31167061100024
    ],
    "payment_processing_cost": [
      100.0,
      110.00000000000001,
      121.00000000000001,
      133.10000000000005,
      146.41000000000005,
      161.05100000000004,
      177.1561000000001,
      194.87171000000012,
      214.35888100000017,
      235.7947691000002,
      259.3742460100002,
      285.31167061100024
    ],
    "net_revenue": [
      100.0,
      110.00000000000001,
      121.00000000000001,
      133.10000000000005,
      146.41000000000005,
      161.05100000000004,
      177.1561000000001,
      194.87171000000012,
      214.35888100000017,
      235.7947691000002,
      259.3742460100002,
      285.31167061100024
    ],
    "infrastructure_and_support": [
      100.0,
      110.00000000000001,
      121.00000000000001,
      133.10000000000005,
      146.41000000000005,
      161.05100000000004,
      177.1561000000001,
      194.87171000000012,
      214.35888100000017,
      235.7947691000002,
      259.3742460100002,
      285.31167061100024
    ],
    "monthly_new_workers": [
      100.0,
      110.00000000000001,
      121.00000000000001,
      133.10000000000005,
      146.41000000000005,
      161.05100000000004,
      177.1561000000001,
      194.87171000000012,
      214.35888100000017,
      235.7947691000002,
      259.3742460100002,
      285.31167061100024
    ],
    "monthly_new_customers": [
      100.0,
      110.00000000000001,
      121.00000000000001,
      133.10000000000005,
      146.41000000000005,
      161.05100000000004,
      177.1561000000001,
      194.87171000000012,
      214.35888100000017,
      235.7947691000002,
      259.3742460100002,
      285.31167061100024
    ],
    "acquisition_cost": [
      100.0,
      110.00000000000001,
      121.00000000000001,
      133.10000000000005,
      146.41000000000005,
      161.05100000000004,
      177.1561000000001,
      194.87171000000012,
      214.35888100000017,
      235.7947691000002,
      259.3742460100002,
      285.31167061100024
    ],
    "monthly_opex": [
      100.0,
      110.00000000000001,
      121.00000000000001,
      133.10000000000005,
      146.41000000000005,
      161.05100000000004,
      177.1561000000001,
      194.87171000000012,
      214.35888100000017,
      235.7947691000002,
      259.3742460100002,
      285.31167061100024
    ],
    "monthly_contribution": [
      100.0,
      110.00000000000001,
      121.00000000000001,
      133.10000000000005,
      146.41000000000005,
      161.05100000000004,
      177.1561000000001,
      194.87171000000012,
      214.35888100000017,
      235.7947691000002,
      259.3742460100002,
      285.31167061100024
    ]
  },
  "constraint_violations": [],
  "policy_executions": [],
  "assumptions": [
    {
      "name": "monthly_active_workers",
      "value": 8000,
      "source": "benchmark",
      "method": "assumption",
      "confidence": 1.0
    },
    {
      "name": "monthly_active_customers",
      "value": 12000,
      "source": "benchmark",
      "method": "assumption",
      "confidence": 1.0
    },
    {
      "name": "avg_gigs_per_worker",
      "value": 15,
      "source": "benchmark",
      "method": "assumption",
      "confidence": 1.0
    },
    {
      "name": "avg_gig_value",
      "value": 85.0,
      "source": "benchmark",
      "method": "assumption",
      "confidence": 1.0
    },
    {
      "name": "platform_take_rate",
      "value": 0.25,
      "source": "benchmark",
      "method": "assumption",
      "confidence": 1.0
    },
    {
      "name": "worker_churn_monthly",
      "value": 0.08,
      "source": "benchmark",
      "method": "assumption",
      "confidence": 1.0
    },
    {
      "name": "customer_churn_monthly",
      "value": 0.05,
      "source": "benchmark",
      "method": "assumption",
      "confidence": 1.0
    },
    {
      "name": "matching_efficiency",
      "value": 0.92,
      "source": "benchmark",
      "method": "assumption",
      "confidence": 1.0
    },
    {
      "name": "cancellation_rate",
      "value": 0.05,
      "source": "benchmark",
      "method": "assumption",
      "confidence": 1.0
    },
    {
      "name": "worker_acquisition_cost",
      "value": 150.0,
      "source": "benchmark",
      "method": "assumption",
      "confidence": 1.0
    },
    {
      "name": "customer_acquisition_cost",
      "value": 80.0,
      "source": "benchmark",
      "method": "assumption",
      "confidence": 1.0
    },
    {
      "name": "monthly_marketing_spend",
      "value": 500000.0,
      "source": "benchmark",
      "method": "assumption",
      "confidence": 1.0
    },
    {
      "name": "infrastructure_cost",
      "value": 800000.0,
      "source": "benchmark",
      "method": "assumption",
      "confidence": 1.0
    },
    {
      "name": "customer_support_cost",
      "value": 400000.0,
      "source": "benchmark",
      "method": "assumption",
      "confidence": 1.0
    },
    {
      "name": "payment_processing_fee",
      "value": 0.03,
      "source": "benchmark",
      "method": "assumption",
      "confidence": 1.0
    }
  ]
}